<?xml version="1.0" encoding="UTF-8"?>
<gmd:MD_Metadata xmlns:gco="http://www.isotc211.org/2005/gco" xmlns:xsi="http://www.w3.org/2001/XMLSchema-instance" xmlns:gts="http://www.isotc211.org/2005/gts" xmlns:gml="http://www.opengis.net/gml" xmlns:gmd="http://www.isotc211.org/2005/gmd">
	<gmd:fileIdentifier>
		<gco:CharacterString>f89542ef-697c-4302-8789-0d6c27defb6d</gco:CharacterString>
	</gmd:fileIdentifier>
	<gmd:language>
		<gco:CharacterString>eng</gco:CharacterString>
	</gmd:language>
	<gmd:characterSet>
		<gmd:MD_CharacterSetCode codeListValue="utf8" codeList="http://standards.iso.org/ittf/PubliclyAvailableStandards/ISO_19139_Schemas/resources/codelist/ML_gmxCodelists.xml#MD_CharacterSetCode"/>
	</gmd:characterSet>
	<gmd:contact>
		<gmd:CI_ResponsibleParty>
			<gmd:individualName>
				<gco:CharacterString>Govinda Joshi</gco:CharacterString>
			</gmd:individualName>
			<gmd:organisationName>
				<gco:CharacterString>MENRIS, ICIMOD</gco:CharacterString>
			</gmd:organisationName>
			<gmd:positionName>
				<gco:CharacterString>Sr. Cartographer/GIS Analyst</gco:CharacterString>
			</gmd:positionName>
			<gmd:contactInfo>
				<gmd:CI_Contact>
					<gmd:phone>
						<gmd:CI_Telephone>
							<gmd:voice>
								<gco:CharacterString>977-1-5003222</gco:CharacterString>
							</gmd:voice>
							<gmd:facsimile>
								<gco:CharacterString>977-1-5003299</gco:CharacterString>
							</gmd:facsimile>
						</gmd:CI_Telephone>
					</gmd:phone>
					<gmd:address>
						<gmd:CI_Address>
							<gmd:deliveryPoint>
								<gco:CharacterString>Khumaltar</gco:CharacterString>
							</gmd:deliveryPoint>
							<gmd:city>
								<gco:CharacterString>Lalitpur</gco:CharacterString>
							</gmd:city>
							<gmd:administrativeArea>
								<gco:CharacterString>Kathmandu</gco:CharacterString>
							</gmd:administrativeArea>
							<gmd:postalCode>
								<gco:CharacterString>3226</gco:CharacterString>
							</gmd:postalCode>
							<gmd:country>
								<gco:CharacterString>Nepal</gco:CharacterString>
							</gmd:country>
							<gmd:electronicMailAddress>
								<gco:CharacterString>metadata@icimod.org</gco:CharacterString>
							</gmd:electronicMailAddress>
						</gmd:CI_Address>
					</gmd:address>
				</gmd:CI_Contact>
			</gmd:contactInfo>
			<gmd:role>
				<gmd:CI_RoleCode codeList="http://standards.iso.org/ittf/PubliclyAvailableStandards/ISO_19139_Schemas/resources/codelist/ML_gmxCodelists.xml#CI_RoleCode" codeListValue="pointOfContact"/>
			</gmd:role>
		</gmd:CI_ResponsibleParty>
	</gmd:contact>
	<gmd:dateStamp>
		<gco:DateTime>2014-11-03T11:39:52</gco:DateTime>
	</gmd:dateStamp>
	<gmd:metadataStandardName>
		<gco:CharacterString xmlns:srv="http://www.isotc211.org/2005/srv" xmlns:gmx="http://www.isotc211.org/2005/gmx">ISO 19115:2003/19139</gco:CharacterString>
	</gmd:metadataStandardName>
	<gmd:metadataStandardVersion>
		<gco:CharacterString xmlns:srv="http://www.isotc211.org/2005/srv" xmlns:gmx="http://www.isotc211.org/2005/gmx">1.0</gco:CharacterString>
	</gmd:metadataStandardVersion>
	<gmd:referenceSystemInfo>
		<gmd:MD_ReferenceSystem>
			<gmd:referenceSystemIdentifier>
				<gmd:RS_Identifier>
					<gmd:code>
						<gco:CharacterString>WGS 1984</gco:CharacterString>
					</gmd:code>
				</gmd:RS_Identifier>
			</gmd:referenceSystemIdentifier>
		</gmd:MD_ReferenceSystem>
	</gmd:referenceSystemInfo>
	<gmd:identificationInfo>
		<gmd:MD_DataIdentification>
			<gmd:citation>
				<gmd:CI_Citation>
					<gmd:title>
						<gco:CharacterString>Outline Boundary of Hindu Kush Himalayan (HKH) Region</gco:CharacterString>
					</gmd:title>
					<gmd:alternateTitle gco:nilReason="missing">
						<gco:CharacterString/>
					</gmd:alternateTitle>
					<gmd:date>
						<gmd:CI_Date>
							<gmd:date>
								<gco:DateTime>2008-08-03T14:35:00</gco:DateTime>
							</gmd:date>
							<gmd:dateType>
								<gmd:CI_DateTypeCode codeList="http://standards.iso.org/ittf/PubliclyAvailableStandards/ISO_19139_Schemas/resources/codelist/ML_gmxCodelists.xml#CI_DateTypeCode" codeListValue="publication"/>
							</gmd:dateType>
						</gmd:CI_Date>
					</gmd:date>
					<gmd:edition>
						<gco:CharacterString>MENRIS, ICIMOD</gco:CharacterString>
					</gmd:edition>
					<gmd:identifier>
						<gmd:MD_Identifier>
							<gmd:code>
								<gco:CharacterString>np</gco:CharacterString>
							</gmd:code>
						</gmd:MD_Identifier>
					</gmd:identifier>
					<gmd:presentationForm>
						<gmd:CI_PresentationFormCode codeList="http://standards.iso.org/ittf/PubliclyAvailableStandards/ISO_19139_Schemas/resources/codelist/ML_gmxCodelists.xml#CI_PresentationFormCode" codeListValue=""/>
					</gmd:presentationForm>
				</gmd:CI_Citation>
			</gmd:citation>
			<gmd:abstract>
				<gco:CharacterString>Digital line dataset of Outline boundary of Hindu Kush Himalayan (HKH) Region. This dataset is Basic Vector layer derived from ESRI Map &amp; Data 2001 and is in 1:1 million scale.</gco:CharacterString>
			</gmd:abstract>
			<gmd:purpose>
				<gco:CharacterString>Topographic base data for general purpose</gco:CharacterString>
			</gmd:purpose>
			<gmd:status>
				<gmd:MD_ProgressCode codeList="http://standards.iso.org/ittf/PubliclyAvailableStandards/ISO_19139_Schemas/resources/codelist/ML_gmxCodelists.xml#MD_ProgressCode" codeListValue="completed"/>
			</gmd:status>
			<gmd:pointOfContact>
				<gmd:CI_ResponsibleParty>
					<gmd:individualName>
						<gco:CharacterString>Basanta Shrestha</gco:CharacterString>
					</gmd:individualName>
					<gmd:organisationName>
						<gco:CharacterString>MENRIS-ICIMOD</gco:CharacterString>
					</gmd:organisationName>
					<gmd:positionName>
						<gco:CharacterString>MENRIS, Division Head</gco:CharacterString>
					</gmd:positionName>
					<gmd:contactInfo>
						<gmd:CI_Contact>
							<gmd:phone>
								<gmd:CI_Telephone>
									<gmd:voice>
										<gco:CharacterString>977-1-5003222</gco:CharacterString>
									</gmd:voice>
									<gmd:facsimile>
										<gco:CharacterString>977-1-5003299</gco:CharacterString>
									</gmd:facsimile>
								</gmd:CI_Telephone>
							</gmd:phone>
							<gmd:address>
								<gmd:CI_Address>
									<gmd:deliveryPoint>
										<gco:CharacterString>Khumaltar</gco:CharacterString>
									</gmd:deliveryPoint>
									<gmd:city>
										<gco:CharacterString>Lalitpur</gco:CharacterString>
									</gmd:city>
									<gmd:administrativeArea>
										<gco:CharacterString>Kathmandu</gco:CharacterString>
									</gmd:administrativeArea>
									<gmd:postalCode>
										<gco:CharacterString>3226</gco:CharacterString>
									</gmd:postalCode>
									<gmd:country>
										<gco:CharacterString>Nepal</gco:CharacterString>
									</gmd:country>
									<gmd:electronicMailAddress>
										<gco:CharacterString>metadata@icimod.org</gco:CharacterString>
									</gmd:electronicMailAddress>
								</gmd:CI_Address>
							</gmd:address>
						</gmd:CI_Contact>
					</gmd:contactInfo>
					<gmd:role>
						<gmd:CI_RoleCode codeList="http://standards.iso.org/ittf/PubliclyAvailableStandards/ISO_19139_Schemas/resources/codelist/ML_gmxCodelists.xml#CI_RoleCode" codeListValue="pointOfContact"/>
					</gmd:role>
				</gmd:CI_ResponsibleParty>
			</gmd:pointOfContact>
			<gmd:resourceMaintenance>
				<gmd:MD_MaintenanceInformation>
					<gmd:maintenanceAndUpdateFrequency>
						<gmd:MD_MaintenanceFrequencyCode codeList="http://standards.iso.org/ittf/PubliclyAvailableStandards/ISO_19139_Schemas/resources/codelist/ML_gmxCodelists.xml#MD_MaintenanceFrequencyCode" codeListValue="asNeeded"/>
					</gmd:maintenanceAndUpdateFrequency>
				</gmd:MD_MaintenanceInformation>
			</gmd:resourceMaintenance>
			<gmd:graphicOverview xmlns:srv="http://www.isotc211.org/2005/srv">
				<gmd:MD_BrowseGraphic>
					<gmd:fileName>
						<gco:CharacterString>http://rds.icimod.org:8080/geonetwork/srv/eng/resources.get?uuid=f89542ef-697c-4302-8789-0d6c27defb6d&amp;fname=outline_s.png</gco:CharacterString>
					</gmd:fileName>
					<gmd:fileDescription>
						<gco:CharacterString>thumbnail</gco:CharacterString>
					</gmd:fileDescription>
					<gmd:fileType>
						<gco:CharacterString>png</gco:CharacterString>
					</gmd:fileType>
				</gmd:MD_BrowseGraphic>
			</gmd:graphicOverview>
			<gmd:graphicOverview xmlns:srv="http://www.isotc211.org/2005/srv">
				<gmd:MD_BrowseGraphic>
					<gmd:fileName>
						<gco:CharacterString>http://rds.icimod.org:8080/geonetwork/srv/eng/resources.get?uuid=f89542ef-697c-4302-8789-0d6c27defb6d&amp;fname=outline.jpg</gco:CharacterString>
					</gmd:fileName>
					<gmd:fileDescription>
						<gco:CharacterString>large_thumbnail</gco:CharacterString>
					</gmd:fileDescription>
					<gmd:fileType>
						<gco:CharacterString>jpg</gco:CharacterString>
					</gmd:fileType>
				</gmd:MD_BrowseGraphic>
			</gmd:graphicOverview>
			<gmd:descriptiveKeywords>
				<gmd:MD_Keywords>
					<gmd:keyword>
						<gco:CharacterString>Outline</gco:CharacterString>
					</gmd:keyword>
					<gmd:keyword>
						<gco:CharacterString>Boundary</gco:CharacterString>
					</gmd:keyword>
					<gmd:type>
						<gmd:MD_KeywordTypeCode codeList="http://standards.iso.org/ittf/PubliclyAvailableStandards/ISO_19139_Schemas/resources/codelist/ML_gmxCodelists.xml#MD_KeywordTypeCode" codeListValue="theme"/>
					</gmd:type>
				</gmd:MD_Keywords>
			</gmd:descriptiveKeywords>
			<gmd:descriptiveKeywords>
				<gmd:MD_Keywords>
					<gmd:keyword>
						<gco:CharacterString>Hindu Kush Himalayan Region</gco:CharacterString>
					</gmd:keyword>
					<gmd:keyword>
						<gco:CharacterString>HKH</gco:CharacterString>
					</gmd:keyword>
					<gmd:type>
						<gmd:MD_KeywordTypeCode codeList="http://standards.iso.org/ittf/PubliclyAvailableStandards/ISO_19139_Schemas/resources/codelist/ML_gmxCodelists.xml#MD_KeywordTypeCode" codeListValue="place"/>
					</gmd:type>
				</gmd:MD_Keywords>
			</gmd:descriptiveKeywords>
			<gmd:resourceConstraints>
				<gmd:MD_LegalConstraints>
					<gmd:accessConstraints>
						<gmd:MD_RestrictionCode codeList="http://standards.iso.org/ittf/PubliclyAvailableStandards/ISO_19139_Schemas/resources/codelist/ML_gmxCodelists.xml#MD_RestrictionCode" codeListValue="copyright"/>
					</gmd:accessConstraints>
					<gmd:useConstraints>
						<gmd:MD_RestrictionCode codeList="http://standards.iso.org/ittf/PubliclyAvailableStandards/ISO_19139_Schemas/resources/codelist/ML_gmxCodelists.xml#MD_RestrictionCode" codeListValue="otherRestrictions"/>
					</gmd:useConstraints>
					<gmd:otherConstraints>
						<gco:CharacterString>The content of this website can be accessed, printed and downloaded in an unaltered form (altered including being stretched, compressed, coloured or altered in any way so as to distort content from its original proportions or format) with copyright acknowledged, on a temporary basis for personal study that is not for a direct or indirect commercial use and any non-commercial use. Any content printed or downloaded may not be sold, licensed, transferred, copied or reproduced in whole or in part in any manner or in or on any media to any person without the prior written consent of the ICIMOD</gco:CharacterString>
					</gmd:otherConstraints>
				</gmd:MD_LegalConstraints>
			</gmd:resourceConstraints>
			<gmd:spatialRepresentationType>
				<gmd:MD_SpatialRepresentationTypeCode codeList="http://standards.iso.org/ittf/PubliclyAvailableStandards/ISO_19139_Schemas/resources/codelist/ML_gmxCodelists.xml#MD_SpatialRepresentationTypeCode" codeListValue="vector"/>
			</gmd:spatialRepresentationType>
			<gmd:spatialResolution>
				<gmd:MD_Resolution>
					<gmd:equivalentScale>
						<gmd:MD_RepresentativeFraction>
							<gmd:denominator>
								<gco:Integer>1000000</gco:Integer>
							</gmd:denominator>
						</gmd:MD_RepresentativeFraction>
					</gmd:equivalentScale>
				</gmd:MD_Resolution>
			</gmd:spatialResolution>
			<gmd:language>
				<gco:CharacterString>eng</gco:CharacterString>
			</gmd:language>
			<gmd:characterSet>
				<gmd:MD_CharacterSetCode codeList="http://standards.iso.org/ittf/PubliclyAvailableStandards/ISO_19139_Schemas/resources/codelist/ML_gmxCodelists.xml#MD_CharacterSetCode" codeListValue="utf8"/>
			</gmd:characterSet>
			<gmd:topicCategory>
				<gmd:MD_TopicCategoryCode>boundaries</gmd:MD_TopicCategoryCode>
			</gmd:topicCategory>
			<gmd:extent>
				<gmd:EX_Extent>
					<gmd:temporalElement>
						<gmd:EX_TemporalExtent>
							<gmd:extent>
								<gml:TimePeriod>
										<gml:beginPosition/>
										<gml:endPosition/>
								</gml:TimePeriod>
							</gmd:extent>
						</gmd:EX_TemporalExtent>
					</gmd:temporalElement>
				</gmd:EX_Extent>
			</gmd:extent>
			<gmd:extent>
				<gmd:EX_Extent>
					<gmd:geographicElement>
						<gmd:EX_GeographicBoundingBox>
							<gmd:westBoundLongitude>
								<gco:Decimal>60.853848</gco:Decimal>
							</gmd:westBoundLongitude>
							<gmd:eastBoundLongitude>
								<gco:Decimal>105.044632</gco:Decimal>
							</gmd:eastBoundLongitude>
							<gmd:southBoundLatitude>
								<gco:Decimal>15.957800</gco:Decimal>
							</gmd:southBoundLatitude>
							<gmd:northBoundLatitude>
								<gco:Decimal>39.318611</gco:Decimal>
							</gmd:northBoundLatitude>
						</gmd:EX_GeographicBoundingBox>
					</gmd:geographicElement>
				</gmd:EX_Extent>
			</gmd:extent>
			<gmd:supplementalInformation gco:nilReason="missing">
				<gco:CharacterString/>
			</gmd:supplementalInformation>
		</gmd:MD_DataIdentification>
	</gmd:identificationInfo>
	<gmd:distributionInfo>
		<gmd:MD_Distribution>
			<gmd:distributor>
				<gmd:MD_Distributor>
					<gmd:distributorContact>
						<gmd:CI_ResponsibleParty>
							<gmd:individualName>
								<gco:CharacterString>Mr. Govinda Joshi</gco:CharacterString>
							</gmd:individualName>
							<gmd:organisationName>
								<gco:CharacterString>MENRIS-ICIMOD</gco:CharacterString>
							</gmd:organisationName>
							<gmd:positionName>
								<gco:CharacterString>Sr. Cartographer/GIS Analyst</gco:CharacterString>
							</gmd:positionName>
							<gmd:contactInfo>
								<gmd:CI_Contact>
									<gmd:phone>
										<gmd:CI_Telephone>
											<gmd:voice>
												<gco:CharacterString>977-1-5003222</gco:CharacterString>
											</gmd:voice>
											<gmd:facsimile>
												<gco:CharacterString>977-1-5003299</gco:CharacterString>
											</gmd:facsimile>
										</gmd:CI_Telephone>
									</gmd:phone>
									<gmd:address>
										<gmd:CI_Address>
											<gmd:deliveryPoint>
												<gco:CharacterString>Khumaltar</gco:CharacterString>
											</gmd:deliveryPoint>
											<gmd:city>
												<gco:CharacterString>Lalitpur</gco:CharacterString>
											</gmd:city>
											<gmd:administrativeArea>
												<gco:CharacterString>Kathmandu</gco:CharacterString>
											</gmd:administrativeArea>
											<gmd:postalCode>
												<gco:CharacterString>3226</gco:CharacterString>
											</gmd:postalCode>
											<gmd:country>
												<gco:CharacterString>Nepal</gco:CharacterString>
											</gmd:country>
											<gmd:electronicMailAddress>
												<gco:CharacterString>metadata@icimod.org</gco:CharacterString>
											</gmd:electronicMailAddress>
										</gmd:CI_Address>
									</gmd:address>
								</gmd:CI_Contact>
							</gmd:contactInfo>
							<gmd:role>
								<gmd:CI_RoleCode codeList="http://standards.iso.org/ittf/PubliclyAvailableStandards/ISO_19139_Schemas/resources/codelist/ML_gmxCodelists.xml#CI_RoleCode" codeListValue="distributor"/>
							</gmd:role>
						</gmd:CI_ResponsibleParty>
					</gmd:distributorContact>
				</gmd:MD_Distributor>
			</gmd:distributor>
			<gmd:distributorTransferOptions>
				<gmd:MD_DigitalTransferOptions/>
			</gmd:distributorTransferOptions>
		</gmd:MD_Distribution>
	</gmd:distributionInfo>
	<gmd:dataQualityInfo>
		<gmd:DQ_DataQuality>
			<gmd:scope>
				<gmd:DQ_Scope>
					<gmd:level>
						<gmd:MD_ScopeCode codeList="http://standards.iso.org/ittf/PubliclyAvailableStandards/ISO_19139_Schemas/resources/codelist/ML_gmxCodelists.xml#MD_ScopeCode" codeListValue="dataset"/>
					</gmd:level>
				</gmd:DQ_Scope>
			</gmd:scope>
			<gmd:lineage>
				<gmd:LI_Lineage>
					<gmd:statement>
						<gco:CharacterString>The accuracy of the Digital Data prepared depends on the base source Data and Maps. No assessment or ground truthing has been carried out on this data. ICIMOD accepts no responsibility for any inaccuracy, errors, or omissions in this data.</gco:CharacterString>
					</gmd:statement>
				</gmd:LI_Lineage>
			</gmd:lineage>
		</gmd:DQ_DataQuality>
	</gmd:dataQualityInfo>
</gmd:MD_Metadata>
